Domain,PlaceId,Company,Website,Address,Types,Query,LastReason,Attempts,NextRetryUTC
cosmeticimplantdentistrykc.com,ChIJ65u8P23wwIcRHaFTExRuG8w,Cosmetic & Implant Dentistry Kansas City,https://cosmeticimplantdentistrykc.com/,"2101 Charlotte St #330, Kansas City, MO 64108","[""dentist"", ""doctor"", ""health"", ""point_of_interest"", ""establishment""]",cosmetic dentistry practice Crossroads Kansas City MO,no_public_email,1,2026-10-06T19:23:01Z
cosmeticimplantdentistrywp.com,ChIJUywCm23vwIcRoV5FtFAqW3A,Cosmetic & Implant Dentistry Westport,https://cosmeticimplantdentistrywp.com/,"638 W 39th St, Kansas City, MO 64111","[""dentist"", ""doctor"", ""health"", ""service"", ""point_of_interest"", ""establishment""]",cosmetic dentistry practice Crossroads Kansas City MO,website_unavailable,1,2026-09-30T19:23:08Z
koehndentistry.com,ChIJQ9eSEUpfwIcR5gHvF2iRZOQ,Koehn Dentistry & Aesthetics,http://koehndentistry.com/,"5901 NW 63rd Terrace #150, Kansas City, MO 64151","[""dentist"", ""dental_clinic"", ""medical_clinic"", ""health"", ""point_of_interest"", ""establishment""]",cosmetic dentistry practice Crossroads Kansas City MO,website_unavailable,1,2026-09-30T19:23:09Z
sevilledentalaesthetics.com,ChIJRbZXpnXvwIcRrtP4mT8vNK0,Seville Dental Aesthetics,https://sevilledentalaesthetics.com/,"606 W 48th St, Kansas City, MO 64112","[""dental_clinic"", ""dentist"", ""medical_clinic"", ""health"", ""point_of_interest"", ""establishment""]",cosmetic dentistry practice Crossroads Kansas City MO,no_public_email,1,2026-10-06T19:23:19Z
johngoodmandds.net,ChIJKcPdpwL6wIcRq-wPrsXXGVA,John P. Goodman DDS,https://johngoodmandds.net/,"2700 Clay Edwards Dr Ste 570, Kansas City, MO 64116","[""dentist"", ""dental_clinic"", ""medical_clinic"", ""health"", ""point_of_interest"", ""establishment""]",cosmetic dentistry practice Crossroads Kansas City MO,no_public_email,1,2026-10-06T19:23:26Z
thesmilesalon.net,ChIJW_61NrbvwIcRkmVkuOeV1ys,The Smile Salon & Day Spa,http://thesmilesalon.net/,"801 W 47th St #110, Kansas City, MO 64112","[""dentist"", ""dental_clinic"", ""medical_clinic"", ""spa"", ""health"", ""point_of_interest"", ""establishment""]",cosmetic dentistry practice Crossroads Kansas City MO,website_unavailable,1,2026-09-30T19:26:14Z
brooksidecosmeticdental.com,ChIJRdSScw3vwIcRySp3tn7PEwQ,Brookside Cosmetic & Family Dental,https://brooksidecosmeticdental.com/,"211 E 63rd St, Kansas City, MO 64113","[""dentist"", ""dental_clinic"", ""medical_clinic"", ""doctor"", ""health"", ""service"", ""point_of_interest"", ""establishment""]",cosmetic dentistry practice Crossroads Kansas City MO,no_public_email,1,2026-10-06T19:26:29Z
hopkinsdentalhealth.com,ChIJ38rJgpXiwIcRdqoVn1rJKEU,Hopkins Dental Health: Cosmetic Dentistry,http://hopkinsdentalhealth.com/,"460 Nichols Rd #375, Kansas City, MO 64112","[""dentist"", ""health"", ""point_of_interest"", ""establishment""]",cosmetic dentistry practice Crossroads Kansas City MO,no_public_email,1,2026-10-06T19:26:41Z
joymillerdds.com,ChIJU0dsbWn3wIcRNrFTQK_4OcY,Miller Joy M DDS,http://joymillerdds.com/,"4268 N Oak Trafficway, Kansas City, MO 64116","[""dentist"", ""dental_clinic"", ""medical_clinic"", ""health"", ""point_of_interest"", ""establishment""]",cosmetic dentistry practice Crossroads Kansas City MO,no_public_email,1,2026-10-06T19:27:02Z
kcdentalcorner.com,ChIJ52AXM4zmwIcRMQcSEYGMfqQ,Dental Corner of Kansas City,https://kcdentalcorner.com/,"6507 E 87th St, Kansas City, MO 64138","[""dentist"", ""dental_clinic"", ""medical_clinic"", ""doctor"", ""health"", ""service"", ""point_of_interest"", ""establishment""]",cosmetic dentistry practice Crossroads Kansas City MO,no_public_email,1,2026-10-06T19:27:22Z
dentalcarecenterofsouthkc.com,ChIJR-8T_ZTCwIcRNopTAw2HzGY,Dental Care Center of South Kansas City,https://dentalcarecenterofsouthkc.com/,"325 E 135th St, Kansas City, MO 64145","[""dentist"", ""dental_clinic"", ""medical_clinic"", ""doctor"", ""health"", ""service"", ""point_of_interest"", ""establishment""]",cosmetic dentistry practice Crossroads Kansas City MO,no_public_email,1,2026-10-06T19:27:32Z
kcsmile.com,ChIJ77402mzqwIcR4-r4fBwK9oo,KC Smile,https://kcsmile.com/,"12850 Metcalf Ave Ste 200, Overland Park, KS 66213","[""dentist"", ""dental_clinic"", ""medical_clinic"", ""health"", ""point_of_interest"", ""establishment""]",cosmetic dentistry practice Crossroads Kansas City MO,no_public_email,1,2026-10-06T19:28:03Z
fountaincitydentalgroup.com,ChIJS5WQNrjvwIcRIjig-v5V1Rc,Fountain City Dental Group,https://fountaincitydentalgroup.com/,"4546 Main St, Kansas City, MO 64111","[""dentist"", ""health"", ""point_of_interest"", ""establishment""]",cosmetic dentistry practice Crossroads Kansas City MO,no_public_email,1,2026-10-06T19:28:07Z
impressivewhitening.com,ChIJI5pYkHVRa4gRtSJMoE-AAH8,Impressive Teeth Whitening,https://impressivewhitening.com/,"355 Indiana Ave, Indianapolis, IN 46204","[""point_of_interest"", ""health"", ""establishment""]",smile enhancement practice Indianapolis IN,no_public_email,1,2026-10-06T19:29:16Z
renewdentalarts.com,ChIJHXKfEB9Ra4gRwHUzZTjYHTw,Renew Dental Arts,http://renewdentalarts.com/,"2205 N Delaware St Ste 103, Indianapolis, IN 46205","[""dental_clinic"", ""dentist"", ""medical_clinic"", ""point_of_interest"", ""health"", ""service"", ""establishment""]",smile enhancement practice Indianapolis IN,no_public_email,1,2026-10-06T19:29:25Z
dentalspaindianapolis.com,ChIJv1rwek9Na4gRxh79xt_EdmY,DentalSpa Indianapolis,https://dentalspaindianapolis.com/,"9500 Priority Way W Dr Ste. 200, Indianapolis, IN 46240","[""dentist"", ""point_of_interest"", ""health"", ""service"", ""establishment""]",smile enhancement practice Indianapolis IN,no_public_email,1,2026-10-06T19:29:34Z
ournewdentist.com,ChIJUVcisutda4gRxTEcbYjnGPc,A New Smile Family & Cosmetic Dentistry,http://ournewdentist.com/,"1700 W Smith Valley Rd c2, Greenwood, IN 46142","[""dentist"", ""point_of_interest"", ""health"", ""establishment""]",smile enhancement practice Indianapolis IN,no_public_email,1,2026-10-06T19:29:38Z
smileindiana.com,ChIJ_0gMHEtTa4gRkGmcpmcLn7U,"North Meridian Dental Excellence: Ben Ahlbrecht, DDS",https://smileindiana.com/,"8902 N Meridian St #102, Indianapolis, IN 46260","[""dentist"", ""point_of_interest"", ""health"", ""service"", ""establishment""]",smile enhancement practice Indianapolis IN,no_public_email,1,2026-10-06T19:30:00Z
iuhealth.org,ChIJwZX_uuhRa4gRAaeV_n00lLk,IU Health Primary Care - Dunlap Building,https://iuhealth.org/,"1040 Wishard Blvd, Indianapolis, IN 46202","[""medical_clinic"", ""doctor"", ""point_of_interest"", ""health"", ""establishment""]",smile enhancement practice Indianapolis IN,website_unavailable,1,2026-09-30T19:35:08Z
indianapolisdental.com,ChIJb55gOV-zFIgR6zxRJ7cS-FE,Pence Family Dentistry,https://indianapolisdental.com/,"9744 Lantern Rd, Fishers, IN 46037","[""dental_clinic"", ""dentist"", ""medical_clinic"", ""doctor"", ""point_of_interest"", ""health"", ""service"", ""establishment""]",smile enhancement practice Indianapolis IN,no_public_email,1,2026-10-06T19:35:27Z
cosmeticdentist-indianapolis.com,ChIJ9fp5_CRPa4gRx8CwzBS2vGk,Schroeder & Schroeder Dentistry,https://cosmeticdentist-indianapolis.com/,"8028 E 10th St c, Indianapolis, IN 46219","[""dentist"", ""point_of_interest"", ""health"", ""establishment""]",smile enhancement practice Indianapolis IN,no_public_email,1,2026-10-06T19:35:37Z
calmingfears.com,ChIJ93Zd4m9ca4gRefmFntKtTrU,Indianapolis Dentistry,https://calmingfears.com/,"7218 US-31, Indianapolis, IN 46227","[""dentist"", ""doctor"", ""point_of_interest"", ""health"", ""service"", ""establishment""]",smile enhancement practice Indianapolis IN,no_public_email,1,2026-10-06T19:35:43Z
southcircledentalcare.com,ChIJQXPvGQVda4gRUeOOiDIlR8k,South Circle Dental Care,https://southcircledentalcare.com/,"1030 E County Line Rd # A1, Indianapolis, IN 46227","[""dentist"", ""point_of_interest"", ""health"", ""establishment""]",smile enhancement practice Indianapolis IN,no_public_email,1,2026-10-06T19:35:50Z
247dental.com,ChIJ6-D-a95Pa4gR_VhuSARR7Y0,24/7 Dental - Emergency Dental Care,https://247dental.com/,"973 Shadeland Ave, Indianapolis, IN 46219","[""dental_clinic"", ""dentist"", ""medical_clinic"", ""point_of_interest"", ""health"", ""service"", ""establishment""]",smile enhancement practice Indianapolis IN,no_public_email,1,2026-10-06T19:36:07Z
washingtonstreetdentistry.com,ChIJewwhLfZIa4gRR44GiFMYqqM,Washington Street Dentistry,http://washingtonstreetdentistry.com/,"10935 E Washington St Ste A, Indianapolis, IN 46229","[""dentist"", ""dental_clinic"", ""medical_clinic"", ""doctor"", ""point_of_interest"", ""health"", ""service"", ""establishment""]",smile enhancement practice Indianapolis IN,no_public_email,1,2026-10-06T19:36:32Z
timadamsdds.com,ChIJbZoam1usFIgRw_u6nXWuLmU,"Timothy C. Adams, DDS, D.ACSDD",https://timadamsdds.com/,"3021 E 98th St #220, Indianapolis, IN 46280","[""dentist"", ""point_of_interest"", ""health"", ""establishment""]",smile enhancement practice Indianapolis IN,no_public_email,1,2026-10-06T19:36:35Z
seattleimplantdds.com,ChIJM2w_W7wVkFQR8AxefXPyL2E,Seattle Implant & Prosthetic Dentistry,http://seattleimplantdds.com/,"509 Olive Wy #711, Seattle, WA 98101","[""dental_clinic"", ""dentist"", ""medical_clinic"", ""health"", ""point_of_interest"", ""establishment""]",implant dentistry practice Seattle WA,no_public_email,1,2026-10-06T19:36:43Z
acidentistry.com,ChIJaa0lachqkFQRSHXoJ5gzvjs,Advanced Cosmetic and Implant Dentistry,https://acidentistry.com/,"901 Boren Ave #1940, Seattle, WA 98104","[""dental_clinic"", ""dentist"", ""medical_clinic"", ""health"", ""service"", ""point_of_interest"", ""establishment""]",implant dentistry practice Seattle WA,no_public_email,1,2026-10-06T19:36:56Z
dentalspecialtiesnw.com,ChIJYxMp41trkFQRHdCGLEbyGfM,Dental Specialties Northwest,https://dentalspecialtiesnw.com/,"701 5th Ave Ste 4660, Seattle, WA 98104","[""dentist"", ""doctor"", ""health"", ""point_of_interest"", ""establishment""]",implant dentistry practice Seattle WA,no_public_email,1,2026-10-06T19:37:06Z
aestheticdentalassoc.com,ChIJrdhDMksVkFQRoUjLpf42SIA,Aesthetic Dental Associates,http://aestheticdentalassoc.com/,"509 Olive Wy #1149, Seattle, WA 98101","[""dentist"", ""health"", ""service"", ""point_of_interest"", ""establishment""]",implant dentistry practice Seattle WA,no_public_email,1,2026-10-06T19:38:17Z
bellharbourdental.com,ChIJHQ_oxkoVkFQRXYfK9d3CU-U,Bell Harbour Dental - PerioInnovations,https://bellharbourdental.com/,"2623 2nd Ave, Seattle, WA 98121","[""dentist"", ""dental_clinic"", ""medical_clinic"", ""health"", ""service"", ""point_of_interest"", ""establishment""]",implant dentistry practice Seattle WA,no_public_email,1,2026-10-06T19:39:00Z
seattleoralcare.com,ChIJkUwNTogQkFQRcPMj6YG-4dc,Seattle Oral Care,http://seattleoralcare.com/,"12333 35th Ave NE, Seattle, WA 98125","[""dentist"", ""medical_clinic"", ""doctor"", ""health"", ""point_of_interest"", ""establishment""]",implant dentistry practice Seattle WA,llm_temporary_failure,1,2026-09-30T19:39:21Z
advanceddios.com,ChIJ47rHNksVkFQRbY3TomsO3HA,Advanced Dental Implants & Oral Surgery,https://advanceddios.com/,"509 Olive Wy #1331, Seattle, WA 98101","[""dental_clinic"", ""medical_clinic"", ""doctor"", ""health"", ""point_of_interest"", ""establishment""]",implant dentistry practice Seattle WA,no_public_email,1,2026-10-06T19:39:35Z
elevatedentalseattle.com,ChIJCbkxxIYVkFQR6EJMPEZPoNg,Elevate Dental,https://elevatedentalseattle.com/,"2001 8th Ave #130, Seattle, WA 98121","[""dentist"", ""dental_clinic"", ""medical_clinic"", ""health"", ""service"", ""point_of_interest"", ""establishment""]",implant dentistry practice Seattle WA,no_public_email,1,2026-10-06T19:40:06Z
thebestdentistry.com,ChIJJQ4g8aIWkFQRYq6B2L2vkuo,Best Dentistry,https://thebestdentistry.com/,"9776 Holman Rd NW #110, Seattle, WA 98117","[""dentist"", ""dental_clinic"", ""medical_clinic"", ""health"", ""service"", ""point_of_interest"", ""establishment""]",implant dentistry practice Seattle WA,no_public_email,1,2026-10-06T19:40:33Z
seattlecornerstonedental.com,ChIJMZ1iiohrkFQReonjacIJHn0,Seattle Cornerstone Dental,https://seattlecornerstonedental.com/,"600 University St #828, Seattle, WA 98101","[""dentist"", ""health"", ""point_of_interest"", ""establishment""]",implant dentistry practice Seattle WA,no_public_email,1,2026-10-06T19:40:40Z
carolinadentalarts.com,ChIJhyayemZfrIkR9SA0cRfZEVQ,Carolina Dental Arts of Glenwood South,https://carolinadentalarts.com/,"301 Glenwood Ave #210, Raleigh, NC 27603","[""dentist"", ""doctor"", ""health"", ""service"", ""point_of_interest"", ""establishment""]",implant dentistry center Glenwood South Raleigh NC,no_public_email,1,2026-10-06T19:41:57Z
smilesatglenwood.com,ChIJMzlcUGZfrIkR0H9X0LjxgAE,Smiles at Glenwood,http://smilesatglenwood.com/,"601 Tucker St, Raleigh, NC 27603","[""dentist"", ""dental_clinic"", ""medical_clinic"", ""doctor"", ""health"", ""point_of_interest"", ""establishment""]",implant dentistry center Glenwood South Raleigh NC,website_unavailable,1,2026-09-30T19:41:59Z
envisiondentalimplants.com,ChIJi6J-rbv1rIkRXEjGIpo_H8Q,Envision Dental Implant Center,https://envisiondentalimplants.com/,"1401 Sunday Dr, Raleigh, NC 27607","[""dental_clinic"", ""dentist"", ""medical_clinic"", ""health"", ""point_of_interest"", ""establishment""]",implant dentistry center Glenwood South Raleigh NC,no_public_email,1,2026-10-06T19:42:17Z
raleighperio.com,ChIJJxoVgSRYrIkR9QNjBMlcynM,Raleigh Periodontics and Implant Dentistry,http://raleighperio.com/,"7501 Falls of Neuse Rd #100, Raleigh, NC 27615","[""dentist"", ""health"", ""point_of_interest"", ""establishment""]",implant dentistry center Glenwood South Raleigh NC,no_public_email,1,2026-10-06T19:42:23Z
northcarolinaperio.com,ChIJidW_qIH2rIkR7F_JEIte0IU,North Carolina Implants and Periodontics,https://northcarolinaperio.com/,"3820 Ed Dr, Raleigh, NC 27612","[""dentist"", ""health"", ""point_of_interest"", ""establishment""]",implant dentistry center Glenwood South Raleigh NC,no_public_email,1,2026-10-06T19:42:27Z
highlandimplantcenter.com,ChIJQZ6P0WlfrIkRQDReu3I8apU,Highland Implant Center,https://highlandimplantcenter.com/,"3421 Olympia Dr Ste 201, Raleigh, NC 27603","[""dental_clinic"", ""dentist"", ""medical_clinic"", ""health"", ""point_of_interest"", ""establishment""]",implant dentistry center Glenwood South Raleigh NC,no_public_email,1,2026-10-06T19:42:41Z
raleighimplantandfamilydentistry.com,ChIJ8Qp5wMBYrIkRdEjlZ8k_NXc,Raleigh Implant and Family Dentistry,https://raleighimplantandfamilydentistry.com/,"3340 Six Forks Rd, Raleigh, NC 27609","[""dental_clinic"", ""dentist"", ""medical_clinic"", ""doctor"", ""health"", ""point_of_interest"", ""establishment""]",implant dentistry center Glenwood South Raleigh NC,no_public_email,1,2026-10-06T19:42:46Z
clearchoice.com,ChIJZ73sQ7T3rIkRoYx48rbsaCo,ClearChoice Dental Implant Center - Raleigh,https://clearchoice.com/,"4509 Creedmoor Rd Ste 400, Raleigh, NC 27612","[""dental_clinic"", ""dentist"", ""medical_clinic"", ""doctor"", ""health"", ""service"", ""point_of_interest"", ""establishment""]",implant dentistry center Glenwood South Raleigh NC,website_unavailable,1,2026-09-30T19:42:47Z
glenwoodvillagedentistry.com,ChIJDWo3TwH2rIkRz4tusY92EhM,Glenwood Village Dentistry,https://glenwoodvillagedentistry.com/,"2609 Glenwood Ave, Raleigh, NC 27608","[""dentist"", ""dental_clinic"", ""medical_clinic"", ""doctor"", ""health"", ""service"", ""point_of_interest"", ""establishment""]",implant dentistry center Glenwood South Raleigh NC,no_public_email,1,2026-10-06T19:44:11Z
ballarddentistry.com,ChIJqfUaNsYVkFQRnHyNlma8YYI,Ballard Dentistry,https://ballarddentistry.com/,"5456 Leary Ave NW, Seattle, WA 98107","[""dentist"", ""dental_clinic"", ""medical_clinic"", ""health"", ""service"", ""point_of_interest"", ""establishment""]",cosmetic dental studio Ballard Seattle WA,no_public_email,1,2026-10-06T19:45:00Z
evergreensmilestudio.com,ChIJf_ct69MXkFQR6s6O-Jb-Ovk,Evergreen Smile Studio,http://evergreensmilestudio.com/,"8541 15th Ave NW #100, Seattle, WA 98117","[""dentist"", ""health"", ""service"", ""point_of_interest"", ""establishment""]",cosmetic dental studio Ballard Seattle WA,no_public_email,1,2026-10-06T19:45:06Z
dentologie.com,ChIJyRR0-BcVkFQRPAc5ci761nQ,Dentologie - Ballard,https://dentologie.com/,"1836 NW Market St, Seattle, WA 98107","[""dentist"", ""dental_clinic"", ""medical_clinic"", ""health"", ""service"", ""point_of_interest"", ""establishment""]",cosmetic dental studio Ballard Seattle WA,no_public_email,1,2026-10-06T19:45:07Z
ballardmoderndentistry.com,ChIJ95bVxLkVkFQRJaYxk9ZNcgY,Ballard Modern Dentistry,https://ballardmoderndentistry.com/,"1416 NW 46th St Ste 106, Seattle, WA 98107","[""dentist"", ""doctor"", ""health"", ""point_of_interest"", ""establishment""]",cosmetic dental studio Ballard Seattle WA,no_public_email,1,2026-10-06T19:46:25Z
seattlecrownhilldental.com,ChIJgUyY44IWkFQRJQraMVNuYgQ,Seattle Crown Hill Dental,https://seattlecrownhilldental.com/,"1421 NW 85th St B, Seattle, WA 98117","[""dentist"", ""doctor"", ""health"", ""service"", ""point_of_interest"", ""establishment""]",cosmetic dental studio Ballard Seattle WA,no_public_email,1,2026-10-06T19:46:26Z
gentledental.interdent.com,ChIJ23WiEN4VkFQRQpCdwQt97ME,Gentle Dental Ballard,https://gentledental.interdent.com/,"5900 15th Ave NW, Seattle, WA 98107","[""dentist"", ""doctor"", ""health"", ""point_of_interest"", ""establishment""]",cosmetic dental studio Ballard Seattle WA,no_public_email,1,2026-10-06T19:46:29Z
ballarddentalcare.com,ChIJywgdNswVkFQRH-NzNeIygms,Ballard Dental Care - Dr. Skyler Schubel,http://ballarddentalcare.com/,"6111 15th Ave NW, Seattle, WA 98107","[""dentist"", ""health"", ""point_of_interest"", ""establishment""]",cosmetic dental studio Ballard Seattle WA,website_unavailable,1,2026-09-30T19:47:37Z
phinneyridgedental.com,ChIJ66t9-DoUkFQRy-qifTIPFlw,Phinney Ridge Dental,https://phinneyridgedental.com/,"7109 Greenwood Ave N, Seattle, WA 98103","[""dentist"", ""dental_clinic"", ""medical_clinic"", ""doctor"", ""health"", ""point_of_interest"", ""establishment""]",cosmetic dental studio Ballard Seattle WA,website_unavailable,1,2026-09-30T19:47:38Z
smilestudiochicago.com,ChIJh7k4ctwsDogRA4KFkuuyUs0,West Loop Smile Studio,https://smilestudiochicago.com/,"955 W Monroe St, Chicago, IL 60607","[""dentist"", ""health"", ""point_of_interest"", ""establishment""]",smile enhancement firm West Loop Chicago IL,no_public_email,1,2026-10-06T19:48:10Z
dentalsmilesofwestloop.com,ChIJbT7Xu9gsDogRHfND3xqVLYE,Dental Smiles of West Loop - Chicago,https://dentalsmilesofwestloop.com/,"1202 W Madison St, Chicago, IL 60607","[""dentist"", ""dental_clinic"", ""doctor"", ""medical_clinic"", ""health"", ""service"", ""point_of_interest"", ""establishment""]",smile enhancement firm West Loop Chicago IL,no_public_email,1,2026-10-06T19:48:16Z
cosmeticdentistinchicago.com,ChIJr-3MClMtDogR3eH33PZdYFk,Dr. Bianca Clark,https://cosmeticdentistinchicago.com/,"955 W Monroe St, Chicago, IL 60607","[""dentist"", ""health"", ""point_of_interest"", ""establishment""]",smile enhancement firm West Loop Chicago IL,no_public_email,1,2026-10-06T19:48:45Z
chicagodentalstudio.com,ChIJAVnwF8MsDogRrP6Gbl9fFNY,"The Chicago Dental Studio, West Loop",https://chicagodentalstudio.com/,"207 S Halsted St, Chicago, IL 60661","[""dentist"", ""dental_clinic"", ""medical_clinic"", ""health"", ""point_of_interest"", ""establishment""]",smile enhancement firm West Loop Chicago IL,no_public_email,1,2026-10-06T19:49:08Z
enameldentalchicago.com,ChIJUZYCad4sDogR2TF_RoJfEcg,Enamel Dental Studio,http://enameldentalchicago.com/,"1044 W Van Buren St, Chicago, IL 60607","[""dentist"", ""dental_clinic"", ""doctor"", ""medical_clinic"", ""health"", ""point_of_interest"", ""establishment""]",smile enhancement firm West Loop Chicago IL,no_public_email,1,2026-10-06T19:49:34Z
skylinesmiles.com,ChIJXYNX5NssDogRRpIhR_bj_DA,Skyline Smiles,https://skylinesmiles.com/,"1017 W Madison St, Chicago, IL 60607","[""dentist"", ""health"", ""point_of_interest"", ""establishment""]",smile enhancement firm West Loop Chicago IL,no_public_email,1,2026-10-06T19:49:37Z
magmile.signaturesmilearts.com,ChIJnYWCgVPTD4gRiDd_UNU_E-M,Signature Smile Arts,https://magmile.signaturesmilearts.com/,"845 N Michigan Ave #955W, Chicago, IL 60611","[""dental_clinic"", ""doctor"", ""medical_clinic"", ""dentist"", ""health"", ""service"", ""point_of_interest"", ""establishment""]",smile enhancement firm West Loop Chicago IL,no_public_email,1,2026-10-06T19:49:45Z
oradentalstudio.com,ChIJpWJ_W9osDogRv_K-PNeq4O8,ORA Dental Studio-West Loop,http://oradentalstudio.com/,"26 N Sangamon St, Chicago, IL 60607","[""dentist"", ""health"", ""point_of_interest"", ""establishment""]",smile enhancement firm West Loop Chicago IL,no_public_email,1,2026-10-06T19:49:54Z
hydepark.smilestudiochicago.com,ChIJFegEMm4pDogRb3MPhZAVOz4,Hyde Park Smile Studio,https://hydepark.smilestudiochicago.com/,"1457 E Hyde Park Blvd, Chicago, IL 60615","[""dentist"", ""health"", ""point_of_interest"", ""establishment""]",smile enhancement firm West Loop Chicago IL,no_public_email,1,2026-10-06T19:53:08Z
southbostondental.com,ChIJVbrlsqJ644kRAGDNuwtxeeE,South Boston Dental Group,https://southbostondental.com/,"9 Channel Center St, Boston, MA 02210","[""dentist"", ""health"", ""point_of_interest"", ""establishment""]",cosmetic dentistry group Boston MA,website_unavailable,1,2026-09-30T19:54:59Z
boston-smiles.com,ChIJqVVJQ4Zw44kR-3bY0WRAhXI,Advanced Cosmetic & Implant Dentistry,https://boston-smiles.com/,"156 State St 4th Floor, Boston, MA 02109","[""dentist"", ""health"", ""point_of_interest"", ""establishment""]",cosmetic dentistry group Boston MA,website_unavailable,1,2026-09-30T19:55:20Z
integritydentalboston.com,ChIJ3e3Ukfxx44kR4HxtiLFqTJE,Integrity Dental Boston,https://integritydentalboston.com/,"1 International Pl, Boston, MA 02110","[""dental_clinic"", ""medical_clinic"", ""dentist"", ""health"", ""point_of_interest"", ""establishment""]",cosmetic dentistry group Boston MA,no_public_email,1,2026-10-06T19:55:23Z
bostonsmile.com,ChIJ0f8WPQx644kRHTxGgc6e5NY,Dental Associates of New England,https://bostonsmile.com/,"585 Boylston St Ste 2, Boston, MA 02116","[""dentist"", ""doctor"", ""health"", ""point_of_interest"", ""establishment""]",cosmetic dentistry group Boston MA,no_public_email,1,2026-10-06T19:55:29Z
newenglanddentalgroup.com,ChIJDV42Ug5644kRirft4BgN_6o,New England Dental Group,https://newenglanddentalgroup.com/,"1 Milk St, Boston, MA 02109","[""dentist"", ""doctor"", ""health"", ""point_of_interest"", ""establishment""]",cosmetic dentistry group Boston MA,no_public_email,1,2026-10-06T19:55:35Z
godental365.com,ChIJi8nA94Nw44kRdTYCU2uNfkc,The Dental Group at Post Office Square,https://godental365.com/,"3 Post Office Square 9th Floor, Boston, MA 02109","[""dentist"", ""doctor"", ""health"", ""point_of_interest"", ""establishment""]",cosmetic dentistry group Boston MA,no_public_email,1,2026-10-06T19:55:46Z
cdgboston.com,ChIJ8ev3xwR644kRQuLqKYdEUlY,Commonwealth Dental Group,http://cdgboston.com/,"400 Commonwealth Ave 3rd floor, Boston, MA 02215","[""dental_clinic"", ""doctor"", ""medical_clinic"", ""dentist"", ""health"", ""point_of_interest"", ""establishment""]",cosmetic dentistry group Boston MA,no_public_email,1,2026-10-06T19:56:13Z
suffolkdental.com,ChIJ_Vy3v15x44kRdI9Mp1UqaCk,Suffolk Dental Group,http://suffolkdental.com/,"128A Tremont St Floor 2, Boston, MA 02108","[""dentist"", ""health"", ""point_of_interest"", ""establishment""]",cosmetic dentistry group Boston MA,no_public_email,1,2026-10-06T19:57:51Z
brickelldental.com,ChIJF3pAo4O22YgRuFRqvZzSOxI,Brickell Dental,http://brickelldental.com/,"848 Brickell Ave #1020, Miami, FL 33131","[""dentist"", ""doctor"", ""health"", ""service"", ""point_of_interest"", ""establishment""]",cosmetic dental practice Brickell Miami FL,no_public_email,1,2026-10-06T19:59:35Z
brickellavedentistry.com,ChIJI8QcVXy22YgRzuVJ-EzNU0A,Brickell Avenue Cosmetic & Holistic Dentistry,http://brickellavedentistry.com/,"1865 Brickell Ave, Miami, FL 33129","[""dentist"", ""health"", ""service"", ""point_of_interest"", ""establishment""]",cosmetic dental practice Brickell Miami FL,no_public_email,1,2026-10-06T19:59:43Z
downtownmiamidentalcare.com,ChIJ5dgwtem32YgREjPdlArA0lg,Brickell Dental Care,https://downtownmiamidentalcare.com/,"65 SE 9th St, Miami, FL 33131","[""dentist"", ""dental_clinic"", ""medical_clinic"", ""health"", ""point_of_interest"", ""establishment""]",cosmetic dental practice Brickell Miami FL,no_public_email,1,2026-10-06T19:59:57Z
brickelldentalassociates.com,ChIJF3pAo4O22YgRR9hnpcf1nqw,"Dr. Jose Delgado, DDS",http://brickelldentalassociates.com/,"848 Brickell Ave #920, Miami, FL 33131","[""dentist"", ""health"", ""point_of_interest"", ""establishment""]",cosmetic dental practice Brickell Miami FL,no_public_email,1,2026-10-06T20:00:23Z
relaxandsmile.com,ChIJ8WVD9Z622YgRTsE_RcBq1Qk,Relax and Smile Dental Care,https://relaxandsmile.com/,"271 NE 2nd St, Miami, FL 33132","[""dental_clinic"", ""dentist"", ""medical_clinic"", ""health"", ""service"", ""point_of_interest"", ""establishment""]",cosmetic dental practice Brickell Miami FL,no_public_email,1,2026-10-06T20:00:29Z
brickelldentistrymiami.com,ChIJiQcMDt232YgRQC7wdqLw2Fw,Brickell Dentistry PA,http://brickelldentistrymiami.com/,"444 Brickell Ave #48, Miami, FL 33131","[""dentist"", ""health"", ""point_of_interest"", ""establishment""]",cosmetic dental practice Brickell Miami FL,no_public_email,1,2026-10-06T20:01:45Z
brickellavenuedentistry.com,ChIJI8QcVXy22YgRVj4cXesgra8,"Dr. Abraham Jaskiel, DMD Dentist",http://brickellavenuedentistry.com/,"1865 Brickell Ave, Miami, FL 33129","[""dentist"", ""dental_clinic"", ""medical_clinic"", ""health"", ""service"", ""point_of_interest"", ""establishment""]",cosmetic dental practice Brickell Miami FL,no_public_email,1,2026-10-06T20:01:52Z
bayfrontdental.com,ChIJXfwuyZ222YgRMJFFi-sUKag,Bayfront Dental - Dr. Taylor Light,https://bayfrontdental.com/,"224 SE 1st St, Miami, FL 33131","[""dentist"", ""health"", ""point_of_interest"", ""establishment""]",cosmetic dental practice Brickell Miami FL,no_public_email,1,2026-10-06T20:03:41Z
mysmilemiami.com,ChIJZ524ymi32YgR4HrN8bg9vzU,My Smile Miami,https://mysmilemiami.com/,"782 NW 42nd Ave #633, Miami, FL 33126","[""dentist"", ""massage_spa"", ""massage"", ""spa"", ""health"", ""beauty_salon"", ""service"", ""point_of_interest"", ""establishment""]",cosmetic dental practice Brickell Miami FL,no_public_email,1,2026-10-06T20:04:15Z
drramonbana.com,ChIJ90NRrq232YgROx9mQGh-ap4,Miami Sedation & Cosmetic Dentistry,https://drramonbana.com/,"2461 Coral Wy, Miami, FL 33145","[""dental_clinic"", ""dentist"", ""medical_clinic"", ""health"", ""point_of_interest"", ""establishment""]",cosmetic dental practice Brickell Miami FL,no_public_email,1,2026-10-06T20:04:47Z
ww.bwcmiami.com,ChIJH9_tZqq22YgRb84aw-ZQDrI,Biscayne Dental & Facial Aesthetics,https://ww.bwcmiami.com/,"350 NE 24th St Apt 105, Miami, FL 33137","[""skin_care_clinic"", ""dentist"", ""medical_clinic"", ""health"", ""service"", ""point_of_interest"", ""establishment""]",cosmetic dental practice Brickell Miami FL,website_unavailable,1,2026-09-30T20:04:48Z
miamicosmeticdentalcare.com,ChIJ3_sVOHvA2YgRgfccJ7agrBg,Miami Center for Cosmetic & Implant Dentistry,https://miamicosmeticdentalcare.com/,"13846 SW 56th St, Miami, FL 33183","[""dentist"", ""health"", ""point_of_interest"", ""establishment""]",cosmetic dental practice Brickell Miami FL,no_public_email,1,2026-10-06T20:04:58Z
cosmeticsmileandwhitening.com,ChIJxXrFWDvB2YgRrP88aD6E72c,Cosmetic Smile & Whitening,https://cosmeticsmileandwhitening.com/,"13501 SW 136th St Ste 210, Miami, FL 33186","[""dentist"", ""health"", ""point_of_interest"", ""establishment""]",cosmetic dental practice Brickell Miami FL,no_public_email,1,2026-10-06T20:05:09Z
brickellcosmetic.com,ChIJt7xbx4m22YgRiCc1jctvNNA,Brickell Cosmetic Center-Aesthetics & Dermatology,https://brickellcosmetic.com/,"2730 SW 3rd Ave Ste 100, Miami, FL 33129","[""doctor"", ""spa"", ""health"", ""point_of_interest"", ""establishment""]",cosmetic dental practice Brickell Miami FL,no_public_email,1,2026-10-06T20:05:17Z
thesugarhousedentist.com,ChIJuxjqNBxgUocR_QPB-0LwMQg,The Sugar House Dentist,https://thesugarhousedentist.com/,"1955 S 1300 E Ste L2, Salt Lake City, UT 84105","[""dentist"", ""health"", ""service"", ""point_of_interest"", ""establishment""]",teeth bleaching service Sugar House Salt Lake City UT,no_public_email,1,2026-10-06T20:05:35Z
softtouchteethwhitening.com,ChIJc3v7EiFjUocRjgmBU8mjoM8,Soft Touch Teeth Whitening,http://softtouchteethwhitening.com/,"6263 Highland Dr #134, Holladay, UT 84121","[""health"", ""point_of_interest"", ""establishment""]",teeth bleaching service Sugar House Salt Lake City UT,no_public_email,1,2026-10-06T20:05:44Z
celebritysmilesutah.com,ChIJVWO0BACLUocRtkphgzDhp4k,Celebrity Smiles of Utah,https://celebritysmilesutah.com/,"1140 Brickyard Rd Ste 33 #103, Salt Lake City, UT 84106","[""health"", ""point_of_interest"", ""establishment""]",teeth bleaching service Sugar House Salt Lake City UT,no_public_email,1,2026-10-06T20:05:46Z
thedentalspa.com,ChIJxbuFfh5gUocRF-zd1Ic0ixs,The Dental Spa,https://thedentalspa.com/,"620 E 2100 S, Salt Lake City, UT 84105","[""dentist"", ""skin_care_clinic"", ""massage_spa"", ""massage"", ""spa"", ""dental_clinic"", ""beauty_salon"", ""medical_clinic"", ""health"", ""service"", ""point_of_interest"", ""establishment""]",teeth bleaching service Sugar House Salt Lake City UT,website_unavailable,1,2026-09-30T20:05:48Z
sugarhousedentist.com,ChIJGWPFOEBgUocRLu5cKloLIU4,Mirci Dental,https://sugarhousedentist.com/,"2090 E 2100 S, Salt Lake City, UT 84109","[""dentist"", ""dental_clinic"", ""medical_clinic"", ""health"", ""service"", ""point_of_interest"", ""establishment""]",teeth bleaching service Sugar House Salt Lake City UT,no_public_email,1,2026-10-06T20:06:39Z
square.site,ChIJnzLqIjFhUocROR8boK4mEcM,Glowy Co,https://square.site/,"2524 Venus Cir, Holladay, UT 84124","[""health"", ""point_of_interest"", ""establishment""]",teeth bleaching service Sugar House Salt Lake City UT,no_public_email,1,2026-10-06T20:06:48Z
saltlakemoderndentistry.com,ChIJQ6HA2iuLUocRIwpS6Z9rOxE,Salt Lake Modern Dentistry,https://saltlakemoderndentistry.com/,"1028 E 2100 S STE 3, Salt Lake City, UT 84106","[""dentist"", ""doctor"", ""health"", ""point_of_interest"", ""establishment""]",teeth bleaching service Sugar House Salt Lake City UT,no_public_email,1,2026-10-06T20:06:51Z
bisoubeautyslc.com,ChIJh9ZSpIqLUocRIcBDTEz0b4s,The Beauty District,http://bisoubeautyslc.com/,"2030 S 900 E A, Salt Lake City, UT 84105","[""nail_salon"", ""spa"", ""beauty_salon"", ""body_art_service"", ""health"", ""store"", ""service"", ""point_of_interest"", ""establishment""]",teeth bleaching service Sugar House Salt Lake City UT,no_public_email,1,2026-10-06T20:07:16Z
groovyglowteethco.com,ChIJZ_Ymoo31UocRa16cJ9cqEvs,"Groovy Glow Teeth Whitening Co., LLC",http://groovyglowteethco.com/,"1290 S 500 W Studio # 3, Woods Cross, UT 84010","[""health"", ""point_of_interest"", ""establishment""]",teeth bleaching service Sugar House Salt Lake City UT,no_public_email,1,2026-10-06T20:07:21Z
