Domain,FirstSeenUTC,Source,Status
robertmitchelldds.com,2026-09-29T18:28:40Z,public_website,
dallasesthetics.com,2026-09-29T18:28:42Z,public_website,
dallascosmeticdentist.us,2026-09-29T18:28:44Z,public_website,
dallascosmeticdental.com,2026-09-29T18:28:49Z,public_website,
dallasdentalspa.com,2026-09-29T18:28:52Z,public_website,
whitedentalsmile.com,2026-09-29T18:28:53Z,public_website,
cddallas.com,2026-09-29T18:32:11Z,public_website,
luxuridental.com,2026-09-29T18:32:12Z,public_website,
dallasddspecialists.com,2026-09-29T18:32:14Z,public_website,
northdallassmiles.com,2026-09-29T18:32:15Z,public_website,
dallasdental.com,2026-09-29T18:32:48Z,public_website,
redefinedfw.com,2026-09-29T18:32:51Z,public_website,
thedentalmethod.com,2026-09-29T18:32:54Z,public_website,
inwoodvillagedental.com,2026-09-29T18:33:12Z,public_website,
bestdentistindallas.com,2026-09-29T18:33:16Z,public_website,
lynndentalcare.com,2026-09-29T18:33:16Z,public_website,
highlandsdentaldallas.com,2026-09-29T18:33:18Z,public_website,
dallasdentist.net,2026-09-29T18:33:30Z,public_website,
dentalresorts.com,2026-09-29T18:33:32Z,public_website,
dallasdds.net,2026-09-29T18:33:36Z,public_website,
impressivewhitening.com,2026-09-29T18:33:47Z,public_website,
dentalspaindianapolis.com,2026-09-29T18:33:50Z,public_website,
holisticdentistindianapolis.com,2026-09-29T18:33:54Z,public_website,
claritydentistry.com,2026-09-29T18:33:59Z,public_website,
detaildental.com,2026-09-29T18:34:15Z,public_website,
veritysmilestudio.com,2026-09-29T18:34:30Z,public_website,
renewdentalarts.com,2026-09-29T18:34:34Z,public_website,
smileindiana.com,2026-09-29T18:34:37Z,public_website,
purezendentistry.com,2026-09-29T18:34:40Z,public_website,
mywestenddental.com,2026-09-29T18:34:54Z,public_website,
eastindydentalcare.com,2026-09-29T18:34:56Z,public_website,
luxiadental.com,2026-09-29T18:34:58Z,public_website,
keystonedentalgroup.com,2026-09-29T18:35:42Z,public_website,
martindentists.com,2026-09-29T18:35:42Z,public_website,
smithsmilesfamilydentistry.com,2026-09-29T18:35:43Z,public_website,
samedaydental.com,2026-09-29T18:35:43Z,public_website,
smilesbymarla.com,2026-09-29T18:35:45Z,public_website,
indydentalgroup.com,2026-09-29T18:35:50Z,public_website,
cosmeticdentistryofsa.com,2026-09-29T18:35:55Z,public_website,
33smile.com,2026-09-29T18:36:04Z,public_website,
stoneoakaesthetics.com,2026-09-29T18:36:07Z,public_website,
thesmileinstitutesa.com,2026-09-29T18:36:09Z,public_website,
new-image-dentistry.com,2026-09-29T18:36:10Z,public_website,
5stardentalgroup.com,2026-09-29T18:36:14Z,public_website,
bellasmiles4all.com,2026-09-29T18:36:19Z,public_website,
windcrestcosmeticdental.com,2026-09-29T18:36:21Z,public_website,
sonterradentalcare.com,2026-09-29T18:36:23Z,public_website,
jurichdental.com,2026-09-29T18:36:25Z,public_website,
newheightsdental.com,2026-09-29T18:36:27Z,public_website,
midentaldesigns.com,2026-09-29T18:36:32Z,public_website,
olmosdental.com,2026-09-29T18:36:46Z,public_website,
drdaviddelagarza.com,2026-09-29T18:36:48Z,public_website,
northwoods-dental.com,2026-09-29T18:37:12Z,public_website,
z-dentist.com,2026-09-29T18:37:18Z,public_website,
mdgteam.com,2026-09-29T18:37:24Z,public_website,
alamodentalsa.com,2026-09-29T18:37:27Z,public_website,
mysmilemiami.com,2026-09-29T18:37:33Z,public_website,
drpattymiami.com,2026-09-29T18:37:36Z,public_website,
dentaldesignsmile.com,2026-09-29T18:37:38Z,public_website,
mysmiledesignmiami.com,2026-09-29T18:37:46Z,public_website,
miamicosmeticdentalcare.com,2026-09-29T18:37:49Z,public_website,
miamidesignersmiles.com,2026-09-29T18:37:51Z,public_website,
cgcsmile.com,2026-09-29T18:38:18Z,public_website,
drramonbana.com,2026-09-29T18:38:24Z,public_website,
smiledesignmia.com,2026-09-29T18:38:27Z,public_website,
miamidentalsedationspa.com,2026-09-29T18:38:37Z,public_website,
precioussmiles.com,2026-09-29T18:38:58Z,public_website,
ww.bwcmiami.com,2026-09-29T18:39:15Z,public_website,
iwanta5starsmile.com,2026-09-29T18:39:15Z,public_website,
dentalestheticmiami.com,2026-09-29T18:39:36Z,public_website,
highcosmeticdentist.com,2026-09-29T18:39:37Z,public_website,
miamiveneers.com,2026-09-29T18:39:42Z,public_website,
artisticsmilesmiamidentist.com,2026-09-29T18:39:48Z,public_website,
miamiperfectsmile.com,2026-09-29T18:40:29Z,public_website,
lpdentalandcosmetic.com,2026-09-29T18:40:38Z,public_website,
elroddunhamdentistry.net,2026-09-29T18:40:41Z,public_website,
midtownrichmonddentist.com,2026-09-29T18:40:52Z,public_website,
yourrichmonddentist.com,2026-09-29T18:40:56Z,public_website,
londreyfamilydental.com,2026-09-29T18:40:58Z,public_website,
904implant.com,2026-09-29T18:41:03Z,public_website,
go.getdoneinone.com,2026-09-29T18:41:03Z,public_website,
dentalcenterjacksonville.com,2026-09-29T18:41:07Z,public_website,
jaxdentalstudio.com,2026-09-29T18:41:08Z,public_website,
dentaljax.com,2026-09-29T18:41:16Z,public_website,
westdentistry.com,2026-09-29T18:41:18Z,public_website,
ultimatedentallab.com,2026-09-29T18:41:20Z,public_website,
dentalartsfl.com,2026-09-29T18:41:40Z,public_website,
ccdentalspa.com,2026-09-29T18:41:53Z,public_website,
downtowndentaljax.com,2026-09-29T18:41:55Z,public_website,
asmileresort.com,2026-09-29T18:41:58Z,public_website,
altenbachdentistry.com,2026-09-29T18:41:59Z,public_website,
northjacksonvillecompletedentistry.com,2026-09-29T18:42:08Z,public_website,
mandarindentalcare.com,2026-09-29T18:42:10Z,public_website,
thrivedentaljax.com,2026-09-29T18:42:13Z,public_website,
asapdentalcare.com,2026-09-29T18:42:18Z,public_website,
sanmarcosmiles.com,2026-09-29T18:42:22Z,public_website,
jaxsmilesdentistry.com,2026-09-29T18:42:24Z,public_website,
baymeadowsparkdental.com,2026-09-29T18:42:32Z,public_website,
sandpiperdentaljax.com,2026-09-29T18:42:33Z,public_website,
thesmilesalon.net,2026-09-29T18:42:37Z,public_website,
ohiocosmeticdentists.com,2026-09-29T18:42:45Z,public_website,
schindlerdentistry.com,2026-09-29T18:42:53Z,public_website,
creativesmilescolumbus.com,2026-09-29T18:43:22Z,public_website,
columbuscosmeticdental.com,2026-09-29T18:43:23Z,public_website,
healthysmiles.com,2026-09-29T18:43:38Z,public_website,
gentlefamilydentalcare.com,2026-09-29T18:43:39Z,public_website,
wootendentistry.com,2026-09-29T18:43:41Z,public_website,
northwoodsdentgroup.com,2026-09-29T18:43:56Z,public_website,
6aaf73ce0e5e3.site123.me,2026-09-29T18:44:00Z,public_website,
cowdincosmeticdentistry.com,2026-09-29T18:44:03Z,public_website,
eternallylitsmiles.com,2026-09-29T18:44:07Z,public_website,
linktr.ee,2026-09-29T18:44:22Z,public_website,
dynamicsmiledesign.com,2026-09-29T18:44:23Z,public_website,
finedentistryorlando.com,2026-09-29T18:44:45Z,public_website,
dentistwinterpark.com,2026-09-29T18:44:56Z,public_website,
naturalsmilesorlando.com,2026-09-29T18:44:57Z,public_website,
adc-fl.com,2026-09-29T18:44:58Z,public_website,
mauiwhiteningfl.com,2026-09-29T18:45:00Z,public_website,
sparklebrightwhiteningllc.squarespace.com,2026-09-29T18:45:00Z,public_website,
mapledentistryorlando.com,2026-09-29T18:45:01Z,public_website,
brightersmilek.square.site,2026-09-29T18:45:04Z,public_website,
korwhitening.com,2026-09-29T18:45:05Z,public_website,
orlandoadvanceddentists.com,2026-09-29T18:45:31Z,public_website,
cmvfamilydental.com,2026-09-29T18:45:31Z,public_website,
yevonneslaserteethwhitening.com,2026-09-29T18:45:38Z,public_website,
ngreendental.com,2026-09-29T18:45:44Z,public_website,
smilefortworth.com,2026-09-29T18:45:48Z,public_website,
thesmileandcompany.com,2026-09-29T18:45:49Z,public_website,
affordabledentistnearme.com,2026-09-29T18:45:54Z,public_website,
fortdentaltx.com,2026-09-29T18:45:56Z,public_website,
fortworthsmilestudio.com,2026-09-29T18:46:05Z,public_website,
schmidgalldental.com,2026-09-29T18:46:09Z,public_website,
fortworthdental.com,2026-09-29T18:46:16Z,public_website,
cowtowndental.com,2026-09-29T18:46:17Z,public_website,
smilemusespa.com,2026-09-29T18:46:21Z,public_website,
summerbrookdentalfw.com,2026-09-29T18:46:22Z,public_website,
ftwimplants.com,2026-09-29T18:46:30Z,public_website,
fortworthdentist.com,2026-09-29T18:46:32Z,public_website,
fwdentalarts.com,2026-09-29T18:46:33Z,public_website,
dentalloungefw.com,2026-09-29T18:46:36Z,public_website,
fossilcreekdental.com,2026-09-29T18:46:38Z,public_website,
gentledentalfortworth.com,2026-09-29T18:46:40Z,public_website,
wewhiten.com,2026-09-29T18:46:41Z,public_website,
summercreekdentistry.com,2026-09-29T18:46:51Z,public_website,
thecosmeticdentistsofaustin.com,2026-09-29T18:46:56Z,public_website,
austinartisticdental.com,2026-09-29T18:47:10Z,public_website,
austincosmetic.com,2026-09-29T18:47:10Z,public_website,
nuviasmiles.com,2026-09-29T18:47:21Z,public_website,
cosmeticdentistryaustin.com,2026-09-29T18:47:22Z,public_website,
toothbar.com,2026-09-29T18:47:27Z,public_website,
bartonoaksdentalgroup.com,2026-09-29T18:47:36Z,public_website,
solasmileaustin.com,2026-09-29T18:47:40Z,public_website,
dentistsouthaustintx.com,2026-09-29T18:47:57Z,public_website,
smile360atx.com,2026-09-29T18:48:05Z,public_website,
northaustindentist.com,2026-09-29T18:48:08Z,public_website,
glintatx.com,2026-09-29T18:48:09Z,public_website,
smilecreationsatx.com,2026-09-29T18:48:10Z,public_website,
austindentalspa.com,2026-09-29T18:48:19Z,public_website,
enameldentistry.com,2026-09-29T18:48:22Z,public_website,
austinelitesmiles.com,2026-09-29T18:48:27Z,public_website,
thehillsdentalspa.com,2026-09-29T18:48:27Z,public_website,
12oaksdentalaustin.com,2026-09-29T18:48:43Z,public_website,
ladybirddental.com,2026-09-29T18:48:45Z,public_website,
dentistryart.com,2026-09-29T19:23:06Z,verified_public_website,VERIFIED
drbruso.com,2026-09-29T19:23:37Z,verified_public_website,VERIFIED
nkcdental.com,2026-09-29T19:26:50Z,verified_public_website,VERIFIED
kansascitysmiles.com,2026-09-29T19:27:15Z,verified_public_website,VERIFIED
dentaldesignskc.com,2026-09-29T19:27:45Z,verified_public_website,VERIFIED
leawoodcosmeticdentistry.com,2026-09-29T19:27:57Z,verified_public_website,VERIFIED
smilecentric.com,2026-09-29T19:28:32Z,verified_public_website,VERIFIED
smilecentriceast.com,2026-09-29T19:28:51Z,verified_public_website,VERIFIED
gormanbunch.com,2026-09-29T19:36:03Z,verified_public_website,VERIFIED
meridiandentistry.com,2026-09-29T19:36:24Z,verified_public_website,VERIFIED
seattledentistry.com,2026-09-29T19:37:29Z,verified_public_website,VERIFIED
seattleperio.com,2026-09-29T19:37:43Z,verified_public_website,VERIFIED
firsthilldentalcenter.com,2026-09-29T19:38:31Z,verified_public_website,VERIFIED
pacificmoderndentistry.com,2026-09-29T19:38:56Z,verified_public_website,VERIFIED
pristinedentalbellevue.com,2026-09-29T19:39:50Z,verified_public_website,VERIFIED
seattledentalstudio.com,2026-09-29T19:40:01Z,verified_public_website,VERIFIED
integrativedentistry.com,2026-09-29T19:40:28Z,verified_public_website,VERIFIED
shawnkellerdds.com,2026-09-29T19:41:19Z,verified_public_website,VERIFIED
kentimplantcenter.com,2026-09-29T19:41:41Z,verified_public_website,VERIFIED
renaissancedentalcenter.com,2026-09-29T19:44:05Z,verified_public_website,VERIFIED
ballarddentalarts.com,2026-09-29T19:44:29Z,verified_public_website,VERIFIED
smileballard.com,2026-09-29T19:44:56Z,verified_public_website,VERIFIED
hyggelaserdentistry.com,2026-09-29T19:45:37Z,verified_public_website,VERIFIED
greenlakecosmeticdentistry.com,2026-09-29T19:46:23Z,verified_public_website,VERIFIED
crownhillsmiles.com,2026-09-29T19:47:31Z,verified_public_website,VERIFIED
lindafukudadds.com,2026-09-29T19:47:48Z,verified_public_website,VERIFIED
chicagostylesmiles.com,2026-09-29T19:49:30Z,verified_public_website,VERIFIED
luxsmiles.net,2026-09-29T19:50:52Z,verified_public_website,VERIFIED
chicagoloopdentistry.com,2026-09-29T19:51:16Z,verified_public_website,VERIFIED
smilechicago.com,2026-09-29T19:52:52Z,verified_public_website,VERIFIED
puredentalspa.com,2026-09-29T19:53:57Z,verified_public_website,VERIFIED
chicagosmiledesign.com,2026-09-29T19:54:16Z,verified_public_website,VERIFIED
facedentalgroup.com,2026-09-29T19:54:58Z,verified_public_website,VERIFIED
smilewell.com,2026-09-29T19:55:09Z,verified_public_website,VERIFIED
smileboston.com,2026-09-29T19:55:19Z,verified_public_website,VERIFIED
dentalestheticsboston.com,2026-09-29T19:55:50Z,verified_public_website,VERIFIED
bostoncosmeticdentistma.com,2026-09-29T19:56:45Z,verified_public_website,VERIFIED
bostonprosthodontics.com,2026-09-29T19:57:03Z,verified_public_website,VERIFIED
bostondental.com,2026-09-29T19:57:27Z,verified_public_website,VERIFIED
smiledesignboston.com,2026-09-29T19:57:34Z,verified_public_website,VERIFIED
acedentalboston.com,2026-09-29T19:58:02Z,verified_public_website,VERIFIED
dentalpartnersofboston.com,2026-09-29T19:59:29Z,verified_public_website,VERIFIED
hqdontics.com,2026-09-29T19:59:41Z,verified_public_website,VERIFIED
dentalworldmiami.com,2026-09-29T20:02:43Z,verified_public_website,VERIFIED
ultrasmilemiami.com,2026-09-29T20:03:12Z,verified_public_website,VERIFIED
miamidental.net,2026-09-29T20:03:30Z,verified_public_website,VERIFIED
biohaxdental.com,2026-09-29T20:04:35Z,verified_public_website,VERIFIED
elevateddental.com,2026-09-29T20:07:05Z,verified_public_website,VERIFIED
polarisorthodonticcenter.com,2026-09-30T17:48:11Z,verified_public_website,VERIFIED
columbusorthodonticcenter.com,2026-09-30T17:48:22Z,verified_public_website,VERIFIED
carmenorthodontics.com,2026-09-30T17:49:22Z,verified_public_website,VERIFIED
goldenorthodontics.com,2026-09-30T17:49:32Z,verified_public_website,VERIFIED
globalsmiles.us,2026-09-30T17:49:44Z,verified_public_website,VERIFIED
sciotobraces.com,2026-09-30T17:50:20Z,verified_public_website,VERIFIED
cookorthodublin.com,2026-09-30T17:50:47Z,verified_public_website,VERIFIED
huttaortho.com,2026-09-30T17:51:03Z,verified_public_website,VERIFIED
creativeortho.com,2026-09-30T17:54:55Z,verified_public_website,VERIFIED
miasmiles.com,2026-09-30T17:55:16Z,verified_public_website,VERIFIED
garciafamilyortho.com,2026-09-30T17:57:22Z,verified_public_website,VERIFIED
amorthodontics.com,2026-09-30T17:57:49Z,verified_public_website,VERIFIED
carlyleortho.com,2026-09-30T17:58:30Z,verified_public_website,VERIFIED
diazorthodontics.com,2026-09-30T18:00:18Z,verified_public_website,VERIFIED
wernerortho.com,2026-09-30T18:00:55Z,verified_public_website,VERIFIED
rochfordortho.com,2026-09-30T18:01:31Z,verified_public_website,VERIFIED
hollandorthoindy.com,2026-09-30T18:01:59Z,verified_public_website,VERIFIED
vosmiles.com,2026-09-30T18:03:09Z,verified_public_website,VERIFIED
luvbraces.com,2026-09-30T18:03:51Z,verified_public_website,VERIFIED
obtdental.com,2026-09-30T18:38:56Z,verified_public_website,VERIFIED
dopazoortho.com,2026-09-30T18:44:39Z,verified_public_website,VERIFIED
ortho99plus1.com,2026-09-30T18:45:09Z,verified_public_website,VERIFIED
jaxmodernortho.com,2026-09-30T18:46:37Z,verified_public_website,VERIFIED
mhallortho.com,2026-09-30T18:48:52Z,verified_public_website,VERIFIED
smilemaker.com,2026-09-30T18:49:42Z,verified_public_website,VERIFIED
bellemeadedental.com,2026-09-30T18:51:42Z,verified_public_website,VERIFIED
fusionorthodontics.com,2026-09-30T18:52:09Z,verified_public_website,VERIFIED
dallas-ortho.com,2026-09-30T18:52:31Z,verified_public_website,VERIFIED
benedictorthodontics.com,2026-09-30T18:57:48Z,verified_public_website,VERIFIED
austincitydental.com,2026-09-30T18:58:37Z,verified_public_website,VERIFIED
austindentalco.com,2026-09-30T19:00:43Z,verified_public_website,VERIFIED
cs-enterprises.net,2026-10-01T04:53:46Z,verified_public_website,VERIFIED
abrforyou.com,2026-10-01T04:54:46Z,verified_public_website,VERIFIED
shawcoremodeling.com,2026-10-01T04:55:02Z,verified_public_website,VERIFIED
sahandyman.net,2026-10-01T04:55:37Z,verified_public_website,VERIFIED
americasgeneralcontracting.com,2026-10-01T04:56:23Z,verified_public_website,VERIFIED
ongroupconstructions.com,2026-10-01T04:56:58Z,verified_public_website,VERIFIED
dallassupremeremodeling.com,2026-10-01T04:57:10Z,verified_public_website,VERIFIED
magentabuilders.com,2026-10-01T04:57:25Z,verified_public_website,VERIFIED
eliteproremodeling.com,2026-10-01T04:58:00Z,verified_public_website,VERIFIED
platinumconstruction78.com,2026-10-01T04:58:08Z,verified_public_website,VERIFIED
lrpros.com,2026-10-01T05:10:03Z,verified_public_website,VERIFIED
nrgremodelingenergy.com,2026-10-01T05:11:44Z,verified_public_website,VERIFIED
sayanconstruction.com,2026-10-01T06:39:43Z,verified_public_website,VERIFIED
valenciaremodeling.com,2026-10-01T06:40:31Z,verified_public_website,VERIFIED
newcreationsaustin.com,2026-10-02T06:36:45Z,verified_public_website,VERIFIED
primetxbuilders.com,2026-10-02T06:36:52Z,verified_public_website,VERIFIED
